{"cameraMode":{"drawMode":0,"name":"Shaded","section":"Shading Mode"},"sceneLighting":true,"audioPlay":false,"sceneViewState":{"showFog":false,"showMaterialUpdate":false,"showSkybox":true,"showFlares":true,"showImageEffects":true,"showParticleSystems":true},"in2DMode":false,"pivot":{"x":418.72515869140627,"y":1.069120168685913,"z":73.7826919555664},"rotation":{"x":0.033920127898454669,"y":0.7004378437995911,"z":-0.03296424448490143,"w":0.7124249339103699},"size":3.7508604526519777,"orthographic":false}