{"cameraMode":{"drawMode":0,"name":"Shaded","section":"Shading Mode"},"sceneLighting":false,"audioPlay":false,"sceneViewState":{"showFog":false,"showMaterialUpdate":false,"showSkybox":false,"showFlares":true,"showImageEffects":true,"showParticleSystems":true},"in2DMode":false,"pivot":{"x":-0.25159016251564028,"y":1.0091750621795655,"z":0.11301212012767792},"rotation":{"x":-0.011045305989682675,"y":-0.20780067145824433,"z":0.002424194011837244,"w":-0.9782524704933167},"size":1.3417837619781495,"orthographic":false}