{"cameraMode":{"drawMode":0,"name":"Shaded","section":"Shading Mode"},"sceneLighting":true,"audioPlay":false,"sceneViewState":{"showFog":false,"showMaterialUpdate":false,"showSkybox":true,"showFlares":true,"showImageEffects":true,"showParticleSystems":true},"in2DMode":false,"pivot":{"x":412.973876953125,"y":0.8410309553146362,"z":81.22398376464844},"rotation":{"x":0.07713396102190018,"y":0.05672718584537506,"z":-0.004148396197706461,"w":0.9955961108207703},"size":0.9186550974845886,"orthographic":false}