{"cameraMode":{"drawMode":0,"name":"Shaded","section":"Shading Mode"},"sceneLighting":true,"audioPlay":false,"sceneViewState":{"showFog":false,"showMaterialUpdate":false,"showSkybox":true,"showFlares":true,"showImageEffects":true,"showParticleSystems":true},"in2DMode":false,"pivot":{"x":395.79864501953127,"y":6.342546463012695,"z":58.31819534301758},"rotation":{"x":-0.016853835433721544,"y":-0.9743236303329468,"z":0.07792782783508301,"w":-0.21075132489204408},"size":10.84182071685791,"orthographic":false}