{"cameraMode":{"drawMode":0,"name":"Shaded","section":"Shading Mode"},"sceneLighting":true,"audioPlay":false,"sceneViewState":{"showFog":false,"showMaterialUpdate":false,"showSkybox":true,"showFlares":true,"showImageEffects":true,"showParticleSystems":true},"in2DMode":false,"pivot":{"x":404.7041015625,"y":4.291149139404297,"z":71.84375762939453},"rotation":{"x":-0.058100126683712009,"y":-0.7463363409042358,"z":0.06569909304380417,"w":-0.659900963306427},"size":4.152988433837891,"orthographic":false}