{"cameraMode":{"drawMode":0,"name":"Shaded","section":"Shading Mode"},"sceneLighting":true,"audioPlay":false,"sceneViewState":{"showFog":false,"showMaterialUpdate":false,"showSkybox":true,"showFlares":true,"showImageEffects":true,"showParticleSystems":true},"in2DMode":false,"pivot":{"x":418.54803466796877,"y":0.8017850518226624,"z":77.58650207519531},"rotation":{"x":-0.08312670141458512,"y":-0.6177700757980347,"z":0.06596481055021286,"w":-0.7793061137199402},"size":7.007661819458008,"orthographic":false}