{"cameraMode":{"drawMode":0,"name":"Shaded","section":"Shading Mode"},"sceneLighting":false,"audioPlay":false,"sceneViewState":{"showFog":false,"showMaterialUpdate":false,"showSkybox":false,"showFlares":true,"showImageEffects":true,"showParticleSystems":true},"in2DMode":false,"pivot":{"x":-0.04500234127044678,"y":1.6955018043518067,"z":0.4540848433971405},"rotation":{"x":-0.08312670141458512,"y":-0.6177700757980347,"z":0.06596481055021286,"w":-0.7793061137199402},"size":8.314107894897461,"orthographic":false}